id,name
3,rain
4,shadow
5,dark
6,Sea
7,Beach
8,Sea
9,Beach
10,Sea
11,Beach
12,Sea
13,Beach
14,Sea
15,Beach
16,Abstract
17,Depression
18,Abstract
19,Depression
20,shadow
21,dark
22,shadow
23,dark
24,lake
25,shadow
26,dark
27,lake
28,shadow
29,lake
30,dark
31,shadow
32,shadow
33,dark
34,lake
35,portrait
36,portrait
37,seashore
38,beach
39,water
40,32
41,portrait
42,Sea
43,Sky
44,Water
45,seashore
46,beach
47,seashore
48,water
49,beach
50,seashore
51,beach
52,water
53,Sky
54,Animation
55,Water
56,Color
57,lakeside
