id,name,email,photo_url,hashedpass
1001,Tanvir Hossain,abcd1@gmail.com,https://tinyurl.com/2p8ma4js,abcd6e
1002,Naeem Ahmed,abcd3@gmail.com,https://tinyurl.com/2p8ma4js,abcd6e
1003,Ridwanul Tanvir,abcd2@gmail.com,https://tinyurl.com/2p8ma4js,abcd6e
2000,Arafat Hossain,abcd01@gmail.com,person-avatar-design_24877-38137.jpg (2000×2000) (freepik.com),5F78C33274E43FA9DE5659265C1D917E25C03722DCB0B8D27DB8D5FEAA813953
1000,Arafat Hossain,abcd@gmail.com,https://img.freepik.com/premium-vector/person-avatar-design_24877-38137.jpg?w=2000,5F78C33274E43FA9DE5659265C1D917E25C03722DCB0B8D27DB8D5FEAA813953
2001,Naeem Ahmed,abcd02@gmail.com,person-avatar-design_24877-38137.jpg (2000×2000) (freepik.com),5F78C33274E43FA9DE5659265C1D917E25C03722DCB0B8D27DB8D5FEAA813954
2002,Ridwanul Tanvir,abcd03@gmail.com,person-avatar-design_24877-38137.jpg (2000×2000) (freepik.com),5F78C33274E43FA9DE5659265C1D917E25C03722DCB0B8D27DB8D5FEAA813955
2003,Golam Rabbani,abcd04@gmail.com,person-avatar-design_24877-38137.jpg (2000×2000) (freepik.com),5F78C33274E43FA9DE5659265C1D917E25C03722DCB0B8D27DB8D5FEAA813956
1014,Person 10,abcd15@gmail.com,person-avatar-design_24877-38137.jpg (2000×2000) (freepik.com),5F78C33274E43FA9DE5659265C1D917E25C03722DCB0B8D27DB8D5FEAA813967
1015,Person 11,abcd16@gmail.com,person-avatar-design_24877-38137.jpg (2000×2000) (freepik.com),5F78C33274E43FA9DE5659265C1D917E25C03722DCB0B8D27DB8D5FEAA813968
1016,Person 12,abcd17@gmail.com,person-avatar-design_24877-38137.jpg (2000×2000) (freepik.com),5F78C33274E43FA9DE5659265C1D917E25C03722DCB0B8D27DB8D5FEAA813969
1017,Person 13,abcd18@gmail.com,person-avatar-design_24877-38137.jpg (2000×2000) (freepik.com),5F78C33274E43FA9DE5659265C1D917E25C03722DCB0B8D27DB8D5FEAA813970
1018,Person 14,abcd19@gmail.com,person-avatar-design_24877-38137.jpg (2000×2000) (freepik.com),5F78C33274E43FA9DE5659265C1D917E25C03722DCB0B8D27DB8D5FEAA813971
1019,Person 15,abcd20@gmail.com,person-avatar-design_24877-38137.jpg (2000×2000) (freepik.com),5F78C33274E43FA9DE5659265C1D917E25C03722DCB0B8D27DB8D5FEAA813972
1020,Person 16,abcd21@gmail.com,person-avatar-design_24877-38137.jpg (2000×2000) (freepik.com),5F78C33274E43FA9DE5659265C1D917E25C03722DCB0B8D27DB8D5FEAA813973
1021,Person 17,abcd22@gmail.com,person-avatar-design_24877-38137.jpg (2000×2000) (freepik.com),5F78C33274E43FA9DE5659265C1D917E25C03722DCB0B8D27DB8D5FEAA813974
1022,Person 18,abcd23@gmail.com,person-avatar-design_24877-38137.jpg (2000×2000) (freepik.com),5F78C33274E43FA9DE5659265C1D917E25C03722DCB0B8D27DB8D5FEAA813975
1023,Person 19,abcd24@gmail.com,person-avatar-design_24877-38137.jpg (2000×2000) (freepik.com),5F78C33274E43FA9DE5659265C1D917E25C03722DCB0B8D27DB8D5FEAA813976
1024,Person 20,abcd25@gmail.com,person-avatar-design_24877-38137.jpg (2000×2000) (freepik.com),5F78C33274E43FA9DE5659265C1D917E25C03722DCB0B8D27DB8D5FEAA813977
1025,Person 21,abcd26@gmail.com,person-avatar-design_24877-38137.jpg (2000×2000) (freepik.com),5F78C33274E43FA9DE5659265C1D917E25C03722DCB0B8D27DB8D5FEAA813978
1026,Person 22,abcd27@gmail.com,person-avatar-design_24877-38137.jpg (2000×2000) (freepik.com),5F78C33274E43FA9DE5659265C1D917E25C03722DCB0B8D27DB8D5FEAA813979
1027,Person 23,abcd28@gmail.com,person-avatar-design_24877-38137.jpg (2000×2000) (freepik.com),5F78C33274E43FA9DE5659265C1D917E25C03722DCB0B8D27DB8D5FEAA813980
1028,Person 24,abcd29@gmail.com,person-avatar-design_24877-38137.jpg (2000×2000) (freepik.com),5F78C33274E43FA9DE5659265C1D917E25C03722DCB0B8D27DB8D5FEAA813981
1029,Person 25,abcd30@gmail.com,person-avatar-design_24877-38137.jpg (2000×2000) (freepik.com),5F78C33274E43FA9DE5659265C1D917E25C03722DCB0B8D27DB8D5FEAA813982
1030,Person 26,abcd31@gmail.com,person-avatar-design_24877-38137.jpg (2000×2000) (freepik.com),5F78C33274E43FA9DE5659265C1D917E25C03722DCB0B8D27DB8D5FEAA813983
1031,Person 27,abcd32@gmail.com,person-avatar-design_24877-38137.jpg (2000×2000) (freepik.com),5F78C33274E43FA9DE5659265C1D917E25C03722DCB0B8D27DB8D5FEAA813984
1032,Person 28,abcd33@gmail.com,person-avatar-design_24877-38137.jpg (2000×2000) (freepik.com),5F78C33274E43FA9DE5659265C1D917E25C03722DCB0B8D27DB8D5FEAA813985
1033,Person 29,abcd34@gmail.com,person-avatar-design_24877-38137.jpg (2000×2000) (freepik.com),5F78C33274E43FA9DE5659265C1D917E25C03722DCB0B8D27DB8D5FEAA813986
1034,Person 30,abcd35@gmail.com,person-avatar-design_24877-38137.jpg (2000×2000) (freepik.com),5F78C33274E43FA9DE5659265C1D917E25C03722DCB0B8D27DB8D5FEAA813987
1035,Person 31,abcd36@gmail.com,person-avatar-design_24877-38137.jpg (2000×2000) (freepik.com),5F78C33274E43FA9DE5659265C1D917E25C03722DCB0B8D27DB8D5FEAA813988
1036,Person 32,abcd37@gmail.com,person-avatar-design_24877-38137.jpg (2000×2000) (freepik.com),5F78C33274E43FA9DE5659265C1D917E25C03722DCB0B8D27DB8D5FEAA813989
1037,Person 33,abcd38@gmail.com,person-avatar-design_24877-38137.jpg (2000×2000) (freepik.com),5F78C33274E43FA9DE5659265C1D917E25C03722DCB0B8D27DB8D5FEAA813990
1038,Person 34,abcd39@gmail.com,person-avatar-design_24877-38137.jpg (2000×2000) (freepik.com),5F78C33274E43FA9DE5659265C1D917E25C03722DCB0B8D27DB8D5FEAA813991
1039,Person 35,abcd40@gmail.com,person-avatar-design_24877-38137.jpg (2000×2000) (freepik.com),5F78C33274E43FA9DE5659265C1D917E25C03722DCB0B8D27DB8D5FEAA813992
1040,Person 36,abcd41@gmail.com,person-avatar-design_24877-38137.jpg (2000×2000) (freepik.com),5F78C33274E43FA9DE5659265C1D917E25C03722DCB0B8D27DB8D5FEAA813993
1041,Person 37,abcd42@gmail.com,person-avatar-design_24877-38137.jpg (2000×2000) (freepik.com),5F78C33274E43FA9DE5659265C1D917E25C03722DCB0B8D27DB8D5FEAA813994
1042,Person 38,abcd43@gmail.com,person-avatar-design_24877-38137.jpg (2000×2000) (freepik.com),5F78C33274E43FA9DE5659265C1D917E25C03722DCB0B8D27DB8D5FEAA813995
1043,Person 39,abcd44@gmail.com,person-avatar-design_24877-38137.jpg (2000×2000) (freepik.com),5F78C33274E43FA9DE5659265C1D917E25C03722DCB0B8D27DB8D5FEAA813996
1044,Person 40,abcd45@gmail.com,person-avatar-design_24877-38137.jpg (2000×2000) (freepik.com),5F78C33274E43FA9DE5659265C1D917E25C03722DCB0B8D27DB8D5FEAA813997
1045,Person 41,abcd46@gmail.com,person-avatar-design_24877-38137.jpg (2000×2000) (freepik.com),5F78C33274E43FA9DE5659265C1D917E25C03722DCB0B8D27DB8D5FEAA813998
1046,Person 42,abcd47@gmail.com,person-avatar-design_24877-38137.jpg (2000×2000) (freepik.com),5F78C33274E43FA9DE5659265C1D917E25C03722DCB0B8D27DB8D5FEAA813999
1047,Person 43,abcd48@gmail.com,person-avatar-design_24877-38137.jpg (2000×2000) (freepik.com),5F78C33274E43FA9DE5659265C1D917E25C03722DCB0B8D27DB8D5FEAA814000
1048,Person 44,abcd49@gmail.com,person-avatar-design_24877-38137.jpg (2000×2000) (freepik.com),5F78C33274E43FA9DE5659265C1D917E25C03722DCB0B8D27DB8D5FEAA814001
1049,Person 45,abcd50@gmail.com,person-avatar-design_24877-38137.jpg (2000×2000) (freepik.com),5F78C33274E43FA9DE5659265C1D917E25C03722DCB0B8D27DB8D5FEAA814002
1050,Person 46,abcd51@gmail.com,person-avatar-design_24877-38137.jpg (2000×2000) (freepik.com),5F78C33274E43FA9DE5659265C1D917E25C03722DCB0B8D27DB8D5FEAA814003
1004,Md Ahsan,abcd05@gmail.com,https://img.freepik.com/premium-vector/person-avatar-design_24877-38137.jpg?w=2000,5F78C33274E43FA9DE5659265C1D917E25C03722DCB0B8D27DB8D5FEAA813957
1005,Person 1,abcd6@gmail.com,https://img.freepik.com/premium-vector/person-avatar-design_24877-38137.jpg?w=2000,5F78C33274E43FA9DE5659265C1D917E25C03722DCB0B8D27DB8D5FEAA813958
1006,Person 2,abcd7@gmail.com,https://img.freepik.com/premium-vector/person-avatar-design_24877-38137.jpg?w=2000,5F78C33274E43FA9DE5659265C1D917E25C03722DCB0B8D27DB8D5FEAA813959
1007,Person 3,abcd8@gmail.com,https://img.freepik.com/premium-vector/person-avatar-design_24877-38137.jpg?w=2000,5F78C33274E43FA9DE5659265C1D917E25C03722DCB0B8D27DB8D5FEAA813960
1008,Person 4,abcd9@gmail.com,https://img.freepik.com/premium-vector/person-avatar-design_24877-38137.jpg?w=2000,5F78C33274E43FA9DE5659265C1D917E25C03722DCB0B8D27DB8D5FEAA813961
1009,Person 5,abcd10@gmail.com,https://img.freepik.com/premium-vector/person-avatar-design_24877-38137.jpg?w=2000,5F78C33274E43FA9DE5659265C1D917E25C03722DCB0B8D27DB8D5FEAA813962
1010,Person 6,abcd11@gmail.com,https://img.freepik.com/premium-vector/person-avatar-design_24877-38137.jpg?w=2000,5F78C33274E43FA9DE5659265C1D917E25C03722DCB0B8D27DB8D5FEAA813963
1011,Person 7,abcd12@gmail.com,https://img.freepik.com/premium-vector/person-avatar-design_24877-38137.jpg?w=2000,5F78C33274E43FA9DE5659265C1D917E25C03722DCB0B8D27DB8D5FEAA813964
1012,Person 8,abcd13@gmail.com,https://img.freepik.com/premium-vector/person-avatar-design_24877-38137.jpg?w=2000,5F78C33274E43FA9DE5659265C1D917E25C03722DCB0B8D27DB8D5FEAA813965
1013,Person 9,abcd14@gmail.com,https://img.freepik.com/premium-vector/person-avatar-design_24877-38137.jpg?w=2000,5F78C33274E43FA9DE5659265C1D917E25C03722DCB0B8D27DB8D5FEAA813966
